timestamp,type,x_cm,y_cm,size,confidence
1763028178.671412,circle,-5.435967302452316,-12.188010899182562,42,1.0
1763028178.6714828,circle,-0.9727520435967302,-6.351498637602179,42,1.0
1763028178.671565,circle,-10.356948228882834,3.662125340599455,41,1.0
1763028178.67653,black_rectangle,-6.008174386920981,7.209809264305177,9208.0,1.0
1763028178.676575,black_rectangle,-1.4877384196185286,-3.318801089918256,1459.0,1.0
1763028178.676613,black_rectangle,-4.920980926430517,-8.697547683923705,3024.5,1.0
1763028178.809074,circle,-10.185286103542234,3.662125340599455,43,1.0
1763028178.80914,circle,-5.37874659400545,-12.245231607629428,42,1.0
1763028178.809189,circle,-1.0871934604904632,-6.351498637602179,42,1.0
1763028178.8092558,circle,-7.610354223433243,-1.5449591280653951,140,1.0
1763028178.810239,black_rectangle,-4.405994550408719,6.179836512261581,1467.0,1.0
1763028178.8102882,black_rectangle,-4.920980926430517,-8.640326975476839,2155.0,1.0
1763028178.876192,circle,-5.435967302452316,-12.188010899182562,41,1.0
1763028178.87626,circle,-10.185286103542234,3.662125340599455,43,1.0
1763028178.8763158,circle,-1.0871934604904632,-6.294277929155313,42,1.0
1763028178.876383,circle,-9.326975476839237,0.05722070844686648,108,1.0
1763028178.876438,circle,-7.953678474114441,-9.555858310626702,42,1.0
1763028178.876487,circle,-2.975476839237057,-9.899182561307901,36,1.0
1763028178.877463,black_rectangle,-4.405994550408719,6.179836512261581,1495.0,1.0
1763028178.877515,black_rectangle,-4.978201634877384,-8.583106267029972,2170.0,1.0
1763028178.9431129,circle,-4.7493188010899186,-10.814713896457766,37,1.0
1763028178.9431748,circle,-0.9727520435967302,-6.351498637602179,42,1.0
1763028178.943223,circle,-10.2425068119891,3.7193460490463215,42,1.0
1763028178.9432771,circle,-8.525885558583106,-1.430517711171662,47,1.0
1763028178.944269,black_rectangle,-4.405994550408719,6.237057220708446,1471.0,1.0
1763028178.944318,black_rectangle,-4.978201634877384,-8.583106267029972,2169.5,1.0
1763028179.010619,circle,-5.37874659400545,-12.188010899182562,42,1.0
1763028179.010675,circle,-1.0871934604904632,-6.294277929155313,42,1.0
1763028179.01072,circle,-10.128065395095367,3.7193460490463215,43,1.0
1763028179.010771,circle,-10.4141689373297,0.05722070844686648,83,1.0
1763028179.010813,circle,-7.839237057220708,-9.498637602179837,42,1.0
1763028179.011811,black_rectangle,-4.405994550408719,6.179836512261581,1492.5,1.0
1763028179.0118558,black_rectangle,-4.978201634877384,-8.583106267029972,2171.5,1.0
1763028179.079304,circle,-5.435967302452316,-12.188010899182562,41,1.0
1763028179.079363,circle,-0.9727520435967302,-6.351498637602179,42,1.0
1763028179.079411,circle,-10.128065395095367,3.662125340599455,42,1.0
1763028179.079472,circle,-7.953678474114441,-3.6049046321525884,139,1.0
1763028179.079516,circle,-4.06267029972752,-9.670299727520435,38,1.0
1763028179.0805671,black_rectangle,-4.405994550408719,6.237057220708446,1516.0,1.0
1763028179.0806131,black_rectangle,-4.978201634877384,-8.640326975476839,2166.5,1.0
1763028179.146367,circle,-1.0871934604904632,-6.294277929155313,42,1.0
1763028179.1464279,circle,-5.37874659400545,-12.130790190735695,40,1.0
1763028179.146477,circle,-10.2425068119891,3.7193460490463215,42,1.0
1763028179.1465302,circle,-9.098092643051771,-8.354223433242506,123,1.0
1763028179.146576,circle,-3.662125340599455,-2.689373297002725,44,1.0
1763028179.147647,black_rectangle,-4.692098092643052,6.237057220708446,1507.0,1.0
1763028179.1476932,black_rectangle,-4.978201634877384,-8.640326975476839,2158.0,1.0
1763028179.2139342,circle,-10.2425068119891,3.662125340599455,42,1.0
1763028179.21399,circle,-0.9727520435967302,-6.351498637602179,42,1.0
1763028179.214037,circle,-5.321525885558583,-11.959128065395095,38,1.0
1763028179.214093,circle,-5.950953678474114,-3.9482288828337873,111,1.0
1763028179.2141418,circle,-9.44141689373297,-7.667574931880109,84,1.0
1763028179.2141912,circle,-10.356948228882834,0.11444141689373297,78,1.0
1763028179.2142348,circle,-0.45776566757493187,-9.555858310626702,38,1.0
1763028179.215311,black_rectangle,-4.577656675749319,6.237057220708446,1550.0,1.0
1763028179.2153568,black_rectangle,-4.978201634877384,-8.640326975476839,2153.0,1.0
1763028179.2801979,circle,-1.0871934604904632,-6.294277929155313,43,1.0
1763028179.280254,circle,-10.2425068119891,3.7193460490463215,42,1.0
1763028179.280303,circle,-4.863760217983651,-10.9291553133515,40,1.0
1763028179.2803562,circle,-8.983651226158038,-8.411444141689373,120,1.0
1763028179.280409,circle,-2.11716621253406,-8.983651226158038,85,1.0
1763028179.2804549,circle,-8.068119891008173,-0.28610354223433243,37,1.0
1763028179.2815151,black_rectangle,-4.6348773841961854,6.179836512261581,1529.5,1.0
1763028179.281558,black_rectangle,-4.978201634877384,-8.640326975476839,2153.5,1.0
1763028179.353877,circle,-5.435967302452316,-12.188010899182562,41,1.0
1763028179.35393,circle,-10.2425068119891,3.7193460490463215,42,1.0
1763028179.3539772,circle,-0.9727520435967302,-6.408719346049046,44,1.0
1763028179.354032,circle,-7.724795640326975,-1.4877384196185286,103,1.0
1763028179.354078,circle,-8.46866485013624,-9.44141689373297,51,1.0
1763028179.355134,black_rectangle,-4.577656675749319,6.237057220708446,1550.0,1.0
1763028179.35518,black_rectangle,-4.978201634877384,-8.640326975476839,2156.0,1.0
1763028179.406674,circle,-0.9727520435967302,-6.294277929155313,42,1.0
1763028179.4067268,circle,-5.435967302452316,-12.188010899182562,41,1.0
1763028179.406774,circle,-10.185286103542234,3.9482288828337873,46,1.0
1763028179.406822,circle,-8.697547683923705,-8.869209809264305,60,1.0
1763028179.406867,circle,-5.435967302452316,-8.29700272479564,39,1.0
1763028179.407927,black_rectangle,-4.577656675749319,6.237057220708446,1556.0,1.0
1763028179.4079711,black_rectangle,-4.978201634877384,-8.640326975476839,2155.0,1.0
1763028179.481153,circle,-0.9727520435967302,-6.351498637602179,42,1.0
1763028179.481216,circle,-5.321525885558583,-11.959128065395095,37,1.0
1763028179.481264,circle,-10.185286103542234,3.7193460490463215,43,1.0
1763028179.481326,circle,-8.010899182561309,-5.950953678474114,141,1.0
1763028179.481385,circle,-7.667574931880109,-1.4877384196185286,139,1.0
1763028179.481437,circle,-4.863760217983651,-0.05722070844686648,96,1.0
1763028179.482563,black_rectangle,-4.577656675749319,6.237057220708446,1560.0,1.0
1763028179.482611,black_rectangle,-4.978201634877384,-8.640326975476839,2163.5,1.0
1763028179.567908,circle,-5.435967302452316,-12.188010899182562,41,1.0
1763028179.5679638,circle,-1.0871934604904632,-6.351498637602179,42,1.0
1763028179.568009,circle,-10.2425068119891,4.005449591280654,47,1.0
1763028179.568054,circle,-9.212534059945504,-0.9155313351498637,60,1.0
1763028179.568098,circle,-5.664850136239782,-9.326975476839237,22,1.0
1763028179.569126,black_rectangle,-4.577656675749319,6.237057220708446,1566.5,1.0
1763028179.569175,black_rectangle,-4.978201634877384,-8.640326975476839,2145.5,1.0
1763028179.604078,circle,-10.2425068119891,3.662125340599455,42,1.0
1763028179.60413,circle,-0.9155313351498637,-6.351498637602179,43,1.0
1763028179.604172,circle,-5.20708446866485,-11.959128065395095,36,1.0
1763028179.604214,circle,-1.1444141689373297,-9.899182561307901,45,1.0
1763028179.604257,circle,-8.640326975476839,0.17166212534059944,52,1.0
1763028179.604297,circle,-23.632152588555858,-8.869209809264305,108,1.0
1763028179.604337,circle,-5.435967302452316,-8.640326975476839,29,1.0
1763028179.605382,black_rectangle,-4.6348773841961854,6.237057220708446,1582.0,1.0
1763028179.605429,black_rectangle,-4.978201634877384,-8.640326975476839,2163.5,1.0
1763028179.673719,circle,-5.37874659400545,-12.188010899182562,42,1.0
1763028179.673774,circle,-1.0871934604904632,-6.294277929155313,42,1.0
1763028179.6738172,circle,-10.128065395095367,3.662125340599455,42,1.0
1763028179.67388,circle,-7.839237057220708,-6.351498637602179,136,1.0
1763028179.6739242,circle,-7.4959128065395095,-9.841961852861035,33,1.0
1763028179.673971,circle,-8.46866485013624,-0.8010899182561307,43,1.0
1763028179.6749709,black_rectangle,-4.6348773841961854,6.237057220708446,1588.0,1.0
1763028179.675072,black_rectangle,-4.978201634877384,-8.640326975476839,2168.5,1.0
1763028179.707671,circle,-5.37874659400545,-12.188010899182562,41,1.0
1763028179.7077298,circle,-10.2425068119891,3.7193460490463215,42,1.0
1763028179.707772,circle,-0.8010899182561307,-6.580381471389646,37,1.0
1763028179.707829,circle,-7.839237057220708,-1.430517711171662,136,1.0
1763028179.707875,circle,-4.177111716621253,-4.005449591280654,38,1.0
1763028179.7079208,circle,-7.724795640326975,-9.670299727520435,38,1.0
1763028179.708936,black_rectangle,-4.577656675749319,6.237057220708446,1593.0,1.0
1763028179.7089841,black_rectangle,-4.978201634877384,-8.640326975476839,2158.5,1.0
1763028179.743667,circle,-0.9727520435967302,-6.294277929155313,42,1.0
1763028179.743721,circle,-4.920980926430517,-10.9291553133515,40,1.0
1763028179.743764,circle,-10.128065395095367,3.662125340599455,42,1.0
1763028179.743816,circle,-9.498637602179837,-2.11716621253406,63,1.0
1763028179.744828,black_rectangle,-4.6348773841961854,6.237057220708446,1570.0,1.0
1763028179.744874,black_rectangle,-4.978201634877384,-8.640326975476839,2164.0,1.0
1763028179.7786398,circle,-5.37874659400545,-12.245231607629428,41,1.0
1763028179.7786949,circle,-10.2425068119891,3.662125340599455,42,1.0
1763028179.778738,circle,-1.0871934604904632,-6.351498637602179,42,1.0
1763028179.778795,circle,-7.953678474114441,-6.351498637602179,141,1.0
1763028179.778854,circle,-8.29700272479564,-1.6021798365122615,135,1.0
1763028179.7789,circle,0.7438692098092643,-9.44141689373297,44,1.0
1763028179.779912,black_rectangle,-4.577656675749319,6.237057220708446,1598.5,1.0
1763028179.779957,black_rectangle,-4.978201634877384,-8.640326975476839,2165.5,1.0
1763028179.841284,circle,-5.37874659400545,-12.245231607629428,41,1.0
1763028179.8413382,circle,-10.2425068119891,3.662125340599455,42,1.0
1763028179.841393,circle,-0.9727520435967302,-6.351498637602179,42,1.0
1763028179.84145,circle,-11.04359673024523,-5.5504087193460485,85,1.0
1763028179.841496,circle,-8.411444141689373,-0.8010899182561307,46,1.0
1763028179.842552,black_rectangle,-4.577656675749319,6.237057220708446,1550.0,1.0
1763028179.842598,black_rectangle,-4.978201634877384,-8.640326975476839,2155.5,1.0
1763028179.874618,circle,-5.37874659400545,-12.188010899182562,42,1.0
1763028179.874673,circle,-10.185286103542234,3.662125340599455,42,1.0
1763028179.8747149,circle,-0.9727520435967302,-6.351498637602179,42,1.0
1763028179.8747818,circle,-8.354223433242506,-0.6294277929155313,120,1.0
1763028179.8748329,circle,-2.8038147138964575,-2.689373297002725,60,1.0
1763028179.874878,circle,-4.23433242506812,-7.782016348773841,45,1.0
1763028179.875943,black_rectangle,-4.577656675749319,6.237057220708446,1558.5,1.0
1763028179.87599,black_rectangle,-4.978201634877384,-8.640326975476839,2157.5,1.0
1763028179.908252,circle,-5.37874659400545,-12.245231607629428,42,1.0
1763028179.908308,circle,-10.128065395095367,3.662125340599455,42,1.0
1763028179.90835,circle,-1.0871934604904632,-6.294277929155313,42,1.0
1763028179.908407,circle,-2.517711171662125,-9.498637602179837,70,1.0
1763028179.908455,circle,-9.784741144414168,-7.4959128065395095,60,1.0
1763028179.908502,circle,-5.264305177111717,-8.29700272479564,27,1.0
1763028179.909513,black_rectangle,-4.577656675749319,6.237057220708446,1547.5,1.0
1763028179.909559,black_rectangle,-4.978201634877384,-8.640326975476839,2156.0,1.0
1763028179.946597,circle,-5.37874659400545,-12.245231607629428,41,1.0
1763028179.946649,circle,-1.0871934604904632,-6.294277929155313,42,1.0
1763028179.946691,circle,-10.356948228882834,3.8910081743869207,46,1.0
1763028179.946739,circle,-7.839237057220708,-9.498637602179837,42,1.0
1763028179.946788,circle,-8.640326975476839,0.11444141689373297,51,1.0
1763028179.947829,black_rectangle,-4.577656675749319,6.237057220708446,1550.0,1.0
1763028179.947874,black_rectangle,-4.978201634877384,-8.640326975476839,2144.0,1.0
1763028180.009019,circle,-5.435967302452316,-12.188010899182562,41,1.0
1763028180.009075,circle,-10.185286103542234,3.8337874659400546,44,1.0
1763028180.0091178,circle,-0.9727520435967302,-6.351498637602179,42,1.0
1763028180.0091789,circle,-8.869209809264305,-8.46866485013624,121,1.0
1763028180.009454,circle,-1.0871934604904632,-11.959128065395095,79,1.0
1763028180.010477,black_rectangle,-4.577656675749319,6.237057220708446,1539.5,1.0
1763028180.0105221,black_rectangle,-4.978201634877384,-8.640326975476839,2149.0,1.0
1763028180.0425549,circle,-5.435967302452316,-12.188010899182562,41,1.0
1763028180.042607,circle,-0.9727520435967302,-6.351498637602179,42,1.0
1763028180.042649,circle,-10.0708446866485,3.6049046321525884,41,1.0
1763028180.0427048,circle,-9.727520435967302,-7.438692098092643,90,1.0
1763028180.042751,circle,-7.782016348773841,-9.670299727520435,39,1.0
1763028180.0428019,circle,-8.869209809264305,-1.430517711171662,50,1.0
1763028180.043822,black_rectangle,-4.577656675749319,6.237057220708446,1543.0,1.0
1763028180.0438678,black_rectangle,-4.978201634877384,-8.640326975476839,2163.0,1.0
1763028180.1091998,circle,-5.435967302452316,-12.188010899182562,41,1.0
1763028180.109257,circle,-1.0871934604904632,-6.294277929155313,42,1.0
1763028180.1093,circle,-10.128065395095367,3.662125340599455,42,1.0
1763028180.1093462,circle,-8.697547683923705,-8.869209809264305,60,1.0
1763028180.10939,circle,-9.670299727520435,-2.002724795640327,65,1.0
1763028180.1104221,black_rectangle,-4.577656675749319,6.237057220708446,1544.0,1.0
1763028180.1104681,black_rectangle,-4.978201634877384,-8.640326975476839,2137.0,1.0
1763028180.143819,circle,-5.435967302452316,-12.188010899182562,41,1.0
1763028180.143876,circle,-0.9727520435967302,-6.351498637602179,42,1.0
1763028180.1439219,circle,-10.128065395095367,3.7193460490463215,43,1.0
1763028180.143977,circle,-9.326975476839237,-8.46866485013624,72,1.0
1763028180.144026,circle,-8.29700272479564,-0.8010899182561307,44,1.0
1763028180.145032,black_rectangle,-4.577656675749319,6.237057220708446,1545.0,1.0
1763028180.145077,black_rectangle,-4.978201634877384,-8.640326975476839,2141.5,1.0
1763028180.208939,circle,-5.435967302452316,-12.188010899182562,41,1.0
1763028180.208993,circle,-10.185286103542234,3.8337874659400546,44,1.0
1763028180.209035,circle,-0.9727520435967302,-6.351498637602179,42,1.0
1763028180.209079,circle,-8.640326975476839,-8.869209809264305,59,1.0
1763028180.209127,circle,-4.291553133514986,-2.689373297002725,55,1.0
1763028180.210148,black_rectangle,-4.577656675749319,6.237057220708446,1547.0,1.0
1763028180.210193,black_rectangle,-4.978201634877384,-8.640326975476839,2136.0,1.0
1763028180.281746,circle,-5.37874659400545,-12.188010899182562,41,1.0
1763028180.281801,circle,-0.9727520435967302,-6.351498637602179,42,1.0
1763028180.281845,circle,-10.128065395095367,3.662125340599455,42,1.0
1763028180.281887,circle,-8.182561307901906,-9.670299727520435,44,1.0
1763028180.282913,black_rectangle,-4.577656675749319,6.237057220708446,1531.0,1.0
1763028180.2829618,black_rectangle,-4.978201634877384,-8.640326975476839,2155.0,1.0
1763028180.3414469,circle,-5.37874659400545,-12.188010899182562,41,1.0
1763028180.341505,circle,-0.9727520435967302,-6.351498637602179,42,1.0
1763028180.3415492,circle,-10.128065395095367,3.7193460490463215,43,1.0
1763028180.3416011,circle,-8.811989100817438,0.8583106267029973,93,1.0
1763028180.3416471,circle,-7.953678474114441,-9.555858310626702,42,1.0
1763028180.3426619,black_rectangle,-4.577656675749319,6.237057220708446,1538.0,1.0
1763028180.342707,black_rectangle,-4.978201634877384,-8.640326975476839,2145.5,1.0
1763028180.375533,circle,-0.9727520435967302,-6.351498637602179,42,1.0
1763028180.3755882,circle,-4.7493188010899186,-10.814713896457766,37,1.0
1763028180.375631,circle,-10.128065395095367,3.662125340599455,42,1.0
1763028180.3756769,circle,-8.640326975476839,-8.811989100817438,60,1.0
1763028180.3757281,circle,-8.983651226158038,0.9155313351498637,61,1.0
1763028180.376746,black_rectangle,-4.577656675749319,6.237057220708446,1545.0,1.0
1763028180.376791,black_rectangle,-4.978201634877384,-8.640326975476839,2144.5,1.0
1763028180.411061,circle,-1.0871934604904632,-6.351498637602179,42,1.0
1763028180.4111629,circle,-10.2425068119891,3.662125340599455,42,1.0
1763028180.4112089,circle,-5.37874659400545,-12.130790190735695,40,1.0
1763028180.411266,circle,-7.953678474114441,-6.351498637602179,140,1.0
1763028180.411306,circle,-7.839237057220708,-10.128065395095367,34,1.0
1763028180.411346,circle,0.11444141689373297,-9.727520435967302,37,1.0
1763028180.412419,black_rectangle,-4.577656675749319,6.237057220708446,1547.5,1.0
1763028180.4124641,black_rectangle,-4.978201634877384,-8.640326975476839,2148.0,1.0
1763028180.480383,circle,-5.435967302452316,-12.188010899182562,41,1.0
1763028180.480441,circle,-10.185286103542234,3.8337874659400546,44,1.0
1763028180.480484,circle,-1.0871934604904632,-6.294277929155313,42,1.0
1763028180.4805381,circle,-0.6294277929155313,-1.430517711171662,113,1.0
1763028180.480588,circle,-9.498637602179837,-2.346049046321526,64,1.0
1763028180.4817102,black_rectangle,-4.577656675749319,6.237057220708446,1534.5,1.0
1763028180.481753,black_rectangle,-4.920980926430517,-8.640326975476839,2139.0,1.0
1763028180.541939,circle,-5.435967302452316,-12.188010899182562,41,1.0
1763028180.541996,circle,-1.0871934604904632,-6.294277929155313,42,1.0
1763028180.542038,circle,-10.356948228882834,3.7193460490463215,41,1.0
1763028180.54209,circle,-9.555858310626702,-1.888283378746594,107,1.0
1763028180.54214,circle,-2.5749318801089918,-9.44141689373297,70,1.0
1763028180.5421891,circle,-4.863760217983651,-2.11716621253406,70,1.0
1763028180.5432022,black_rectangle,-4.577656675749319,6.237057220708446,1536.5,1.0
1763028180.543246,black_rectangle,-4.978201634877384,-8.640326975476839,2153.0,1.0
1763028180.614552,circle,-1.0871934604904632,-6.294277929155313,42,1.0
1763028180.6146078,circle,-5.435967302452316,-12.245231607629428,41,1.0
1763028180.6146529,circle,-10.2425068119891,3.2615803814713895,49,1.0
1763028180.6147041,circle,-9.098092643051771,-7.610354223433243,124,1.0
1763028180.614752,circle,-1.4877384196185286,-9.555858310626702,41,1.0
1763028180.614798,circle,-5.435967302452316,-8.640326975476839,29,1.0
1763028180.615893,black_rectangle,-4.577656675749319,6.237057220708446,1526.5,1.0
1763028180.61594,black_rectangle,-4.920980926430517,-8.640326975476839,2151.5,1.0
1763028180.673837,circle,-5.37874659400545,-12.188010899182562,42,1.0
1763028180.6738958,circle,-0.9727520435967302,-6.351498637602179,42,1.0
1763028180.67394,circle,-10.2425068119891,3.7193460490463215,42,1.0
1763028180.673994,circle,-3.1471389645776564,-9.098092643051771,60,1.0
1763028180.674044,circle,-12.073569482288828,0.11444141689373297,60,1.0
1763028180.675086,black_rectangle,-4.577656675749319,6.237057220708446,1545.0,1.0
1763028180.6751318,black_rectangle,-4.978201634877384,-8.640326975476839,2140.0,1.0
1763028180.7421079,circle,-0.9727520435967302,-6.351498637602179,42,1.0
1763028180.7421608,circle,-10.128065395095367,3.662125340599455,42,1.0
1763028180.742203,circle,-5.435967302452316,-12.245231607629428,40,1.0
1763028180.7422578,circle,-2.4604904632152587,-9.555858310626702,79,1.0
1763028180.742311,circle,-11.38692098092643,-5.5504087193460485,84,1.0
1763028180.742359,circle,-6.008174386920981,-6.809264305177112,60,1.0
1763028180.7424068,circle,-3.0326975476839237,-3.204359673024523,56,1.0
1763028180.743467,black_rectangle,-4.577656675749319,6.237057220708446,1541.0,1.0
1763028180.7435148,black_rectangle,-4.978201634877384,-8.640326975476839,2142.0,1.0
1763028180.775991,circle,-5.37874659400545,-12.188010899182562,41,1.0
1763028180.776047,circle,-0.9727520435967302,-6.294277929155313,42,1.0
1763028180.7760901,circle,-10.2425068119891,3.662125340599455,43,1.0
1763028180.7761338,circle,-12.073569482288828,0.17166212534059944,60,1.0
1763028180.77618,circle,-7.839237057220708,-9.498637602179837,42,1.0
1763028180.777171,black_rectangle,-4.577656675749319,6.237057220708446,1540.5,1.0
1763028180.777217,black_rectangle,-4.978201634877384,-8.640326975476839,2145.0,1.0
1763028180.809648,circle,-10.185286103542234,3.8337874659400546,44,1.0
1763028180.8097038,circle,-1.0871934604904632,-6.294277929155313,42,1.0
1763028180.809748,circle,-5.37874659400545,-12.130790190735695,40,1.0
1763028180.809802,circle,-3.1471389645776564,-9.155313351498638,66,1.0
1763028180.8098528,circle,-8.811989100817438,1.1444141689373297,53,1.0
1763028180.81089,black_rectangle,-4.577656675749319,6.237057220708446,1548.0,1.0
1763028180.810936,black_rectangle,-4.978201634877384,-8.640326975476839,2140.5,1.0
1763028180.853178,circle,-5.435967302452316,-12.188010899182562,41,1.0
1763028180.8532329,circle,-10.185286103542234,3.8337874659400546,44,1.0
1763028180.853289,circle,-1.0871934604904632,-6.351498637602179,42,1.0
1763028180.8533518,circle,-7.839237057220708,-1.773841961852861,136,1.0
1763028180.854382,black_rectangle,-4.577656675749319,6.237057220708446,1554.5,1.0
1763028180.854429,black_rectangle,-4.978201634877384,-8.640326975476839,2144.5,1.0
1763028180.907939,circle,-1.0871934604904632,-6.351498637602179,42,1.0
1763028180.907994,circle,-4.863760217983651,-10.871934604904633,39,1.0
1763028180.908038,circle,-10.185286103542234,3.7193460490463215,43,1.0
1763028180.9080992,circle,-9.040871934604905,-8.354223433242506,124,1.0
1763028180.9081569,circle,-8.182561307901906,-0.8583106267029973,128,1.0
1763028180.908215,circle,-6.0653950953678475,-5.950953678474114,141,1.0
1763028180.908266,circle,-1.888283378746594,-9.212534059945504,88,1.0
1763028180.9083142,circle,-11.730245231607629,-0.45776566757493187,62,1.0
1763028180.909319,black_rectangle,-4.577656675749319,6.237057220708446,1551.5,1.0
1763028180.909365,black_rectangle,-4.978201634877384,-8.640326975476839,2134.0,1.0
1763028180.974916,circle,-4.7493188010899186,-10.814713896457766,38,1.0
1763028180.974972,circle,-1.0871934604904632,-6.294277929155313,43,1.0
1763028180.975015,circle,-10.2425068119891,3.662125340599455,43,1.0
1763028180.975083,circle,-8.525885558583106,-0.8583106267029973,123,1.0
1763028180.975137,circle,-9.212534059945504,-7.038147138964577,139,1.0
1763028180.975182,circle,-0.8010899182561307,-9.670299727520435,37,1.0
1763028180.976216,black_rectangle,-4.577656675749319,6.237057220708446,1553.5,1.0
1763028180.9762628,black_rectangle,-4.978201634877384,-8.640326975476839,2136.0,1.0
1763028181.009411,circle,-5.37874659400545,-12.188010899182562,41,1.0
1763028181.0094888,circle,-7.667574931880109,-2.11716621253406,140,1.0
1763028181.009538,circle,-1.0871934604904632,-6.294277929155313,42,1.0
1763028181.009585,circle,-10.2425068119891,3.6049046321525884,44,1.0
1763028181.00964,circle,-9.326975476839237,-7.15258855585831,140,1.0
1763028181.009685,circle,-5.5504087193460485,-9.040871934604905,25,1.0
1763028181.01074,black_rectangle,-4.577656675749319,6.237057220708446,1552.0,1.0
1763028181.010784,black_rectangle,-4.978201634877384,-8.640326975476839,2138.5,1.0
1763028181.05625,circle,-10.185286103542234,3.662125340599455,42,1.0
1763028181.056306,circle,-5.435967302452316,-12.188010899182562,41,1.0
1763028181.056349,circle,-0.9727520435967302,-6.294277929155313,43,1.0
1763028181.056399,circle,-10.128065395095367,-8.010899182561309,88,1.0
1763028181.0564501,circle,-10.013623978201634,-1.888283378746594,72,1.0
1763028181.0564969,circle,-3.547683923705722,-2.8038147138964575,48,1.0
1763028181.056542,circle,-5.435967302452316,-8.640326975476839,29,1.0
1763028181.0575428,black_rectangle,-4.577656675749319,6.237057220708446,1552.0,1.0
1763028181.0575879,black_rectangle,-4.978201634877384,-8.640326975476839,2136.0,1.0
1763028181.1185431,circle,-5.37874659400545,-12.188010899182562,41,1.0
1763028181.118598,circle,-1.0871934604904632,-6.294277929155313,43,1.0
1763028181.1186528,circle,-8.811989100817438,-0.6294277929155313,117,1.0
1763028181.1187022,circle,-9.384196185286104,3.0326975476839237,37,1.0
1763028181.118755,circle,-2.002724795640327,-9.040871934604905,86,1.0
1763028181.1197472,black_rectangle,-4.577656675749319,6.237057220708446,1550.5,1.0
1763028181.119791,black_rectangle,-4.978201634877384,-8.640326975476839,2131.0,1.0
1763028181.180158,circle,-5.37874659400545,-12.245231607629428,41,1.0
1763028181.1802108,circle,-0.9727520435967302,-6.351498637602179,42,1.0
1763028181.180298,circle,-10.2425068119891,3.7193460490463215,42,1.0
1763028181.180356,circle,-8.697547683923705,-0.8010899182561307,120,1.0
1763028181.180414,circle,-8.525885558583106,-6.923705722070845,131,1.0
1763028181.18046,circle,0.6294277929155313,-9.384196185286104,44,1.0
1763028181.180504,circle,-5.435967302452316,-8.640326975476839,27,1.0
1763028181.18152,black_rectangle,-4.577656675749319,6.237057220708446,1533.5,1.0
1763028181.181566,black_rectangle,-4.978201634877384,-8.640326975476839,2141.0,1.0
1763028181.243207,circle,-10.185286103542234,3.8337874659400546,44,1.0
1763028181.243257,circle,-1.0871934604904632,-6.294277929155313,42,1.0
1763028181.2433002,circle,-5.435967302452316,-12.130790190735695,40,1.0
1763028181.2433689,circle,-7.4959128065395095,-1.3160762942779292,141,1.0
1763028181.24342,circle,-8.869209809264305,-8.46866485013624,121,1.0
1763028181.244477,black_rectangle,-4.577656675749319,6.237057220708446,1553.0,1.0
1763028181.244524,black_rectangle,-4.920980926430517,-8.640326975476839,2151.5,1.0
1763028181.277327,circle,-10.128065395095367,3.662125340599455,42,1.0
1763028181.277382,circle,-5.37874659400545,-12.245231607629428,41,1.0
1763028181.277426,circle,-1.0871934604904632,-6.237057220708446,41,1.0
1763028181.2774742,circle,-0.5149863760217983,-9.555858310626702,40,1.0
1763028181.277521,circle,-7.839237057220708,-9.44141689373297,43,1.0
1763028181.2775722,circle,-9.555858310626702,-1.3160762942779292,66,1.0
1763028181.2785778,black_rectangle,-4.577656675749319,6.237057220708446,1547.0,1.0
1763028181.278624,black_rectangle,-4.978201634877384,-8.640326975476839,2154.5,1.0
1763028181.3124611,circle,-5.435967302452316,-12.188010899182562,41,1.0
1763028181.312513,circle,-0.9727520435967302,-6.351498637602179,42,1.0
1763028181.312555,circle,-10.185286103542234,3.7193460490463215,42,1.0
1763028181.312617,circle,-7.438692098092643,-2.002724795640327,148,1.0
1763028181.3126662,circle,-2.517711171662125,-9.498637602179837,70,1.0
1763028181.312714,circle,-8.354223433242506,-8.983651226158038,54,1.0
1763028181.313736,black_rectangle,-4.577656675749319,6.237057220708446,1549.5,1.0
1763028181.313781,black_rectangle,-4.978201634877384,-8.640326975476839,2155.0,1.0
1763028181.346019,circle,-5.37874659400545,-12.130790190735695,40,1.0
1763028181.3460748,circle,-10.185286103542234,3.8337874659400546,44,1.0
1763028181.346119,circle,-1.0871934604904632,-6.294277929155313,43,1.0
1763028181.3461719,circle,-9.155313351498638,-6.923705722070845,136,1.0
1763028181.346227,circle,-3.8337874659400546,-0.05722070844686648,96,1.0
1763028181.3462772,circle,-10.128065395095367,0.05722070844686648,74,1.0
1763028181.3473122,black_rectangle,-4.577656675749319,6.237057220708446,1563.0,1.0
1763028181.347359,black_rectangle,-4.978201634877384,-8.640326975476839,2157.5,1.0
1763028181.406417,circle,-1.0871934604904632,-6.294277929155313,43,1.0
1763028181.4064782,circle,-5.321525885558583,-12.245231607629428,42,1.0
1763028181.406529,circle,-10.185286103542234,3.7193460490463215,42,1.0
1763028181.406589,circle,-8.525885558583106,-0.6294277929155313,123,1.0
1763028181.40764,black_rectangle,-4.577656675749319,6.237057220708446,1554.5,1.0
1763028181.407691,black_rectangle,-4.978201634877384,-8.640326975476839,2164.5,1.0
1763028181.446569,circle,-5.435967302452316,-12.245231607629428,41,1.0
1763028181.4466271,circle,-10.128065395095367,3.7193460490463215,43,1.0
1763028181.446681,circle,-0.9155313351498637,-6.294277929155313,42,1.0
1763028181.446738,circle,0.9727520435967302,-9.727520435967302,100,1.0
1763028181.44679,circle,-7.839237057220708,-9.498637602179837,41,1.0
1763028181.446843,circle,-5.264305177111717,-8.29700272479564,39,1.0
1763028181.446898,circle,-8.46866485013624,-1.201634877384196,49,1.0
1763028181.447832,black_rectangle,-4.6348773841961854,6.237057220708446,1542.0,1.0
1763028181.447882,black_rectangle,-4.978201634877384,-8.640326975476839,2151.0,1.0
1763028181.5142138,circle,-5.435967302452316,-12.188010899182562,41,1.0
1763028181.514267,circle,-0.9727520435967302,-6.351498637602179,42,1.0
1763028181.5143108,circle,-10.128065395095367,3.662125340599455,42,1.0
1763028181.514355,circle,-3.8337874659400546,-8.983651226158038,54,1.0
1763028181.514403,circle,-10.4141689373297,0.05722070844686648,84,1.0
1763028181.514446,circle,-8.182561307901906,-9.040871934604905,52,1.0
1763028181.515444,black_rectangle,-4.577656675749319,6.237057220708446,1566.0,1.0
1763028181.515496,black_rectangle,-4.978201634877384,-8.640326975476839,2156.5,1.0
1763028181.582891,circle,-5.435967302452316,-12.188010899182562,41,1.0
1763028181.582946,circle,-10.2425068119891,3.7193460490463215,42,1.0
1763028181.5829918,circle,-1.0871934604904632,-6.237057220708446,44,1.0
1763028181.583047,circle,-8.811989100817438,-0.28610354223433243,111,1.0
1763028181.583096,circle,-9.212534059945504,-8.640326975476839,115,1.0
1763028181.584131,black_rectangle,-4.577656675749319,6.237057220708446,1569.0,1.0
1763028181.584175,black_rectangle,-4.978201634877384,-8.697547683923705,2164.0,1.0
1763028181.6496189,circle,-0.9727520435967302,-6.351498637602179,42,1.0
1763028181.64967,circle,-10.128065395095367,3.662125340599455,42,1.0
1763028181.6497111,circle,-5.321525885558583,-12.245231607629428,43,1.0
1763028181.6497679,circle,-7.4959128065395095,-1.659400544959128,141,1.0
1763028181.649813,circle,-8.869209809264305,-8.411444141689373,68,1.0
1763028181.650795,black_rectangle,-4.6348773841961854,6.237057220708446,1568.0,1.0
1763028181.650837,black_rectangle,-4.978201634877384,-8.640326975476839,2149.0,1.0
1763028181.7095969,circle,-5.435967302452316,-12.188010899182562,41,1.0
1763028181.709651,circle,-1.0871934604904632,-6.294277929155313,42,1.0
1763028181.709696,circle,-10.2425068119891,3.662125340599455,42,1.0
1763028181.709739,circle,-1.773841961852861,-9.098092643051771,45,1.0
1763028181.709781,circle,-7.839237057220708,-9.670299727520435,40,1.0
1763028181.710788,black_rectangle,-4.6348773841961854,6.237057220708446,1561.0,1.0
1763028181.7108312,black_rectangle,-4.978201634877384,-8.640326975476839,2157.5,1.0
1763028181.7465112,circle,-5.37874659400545,-12.188010899182562,41,1.0
1763028181.746575,circle,-1.0871934604904632,-6.294277929155313,42,1.0
1763028181.746631,circle,-10.185286103542234,3.8337874659400546,44,1.0
1763028181.746687,circle,-8.525885558583106,-0.5149863760217983,86,1.0
1763028181.746741,circle,-2.517711171662125,-9.498637602179837,70,1.0
1763028181.746795,circle,-8.46866485013624,-8.983651226158038,56,1.0
1763028181.7477639,black_rectangle,-4.6348773841961854,6.237057220708446,1561.0,1.0
1763028181.747817,black_rectangle,-4.978201634877384,-8.640326975476839,2159.5,1.0
1763028181.808361,circle,-10.128065395095367,3.662125340599455,42,1.0
1763028181.808413,circle,-5.37874659400545,-12.130790190735695,40,1.0
1763028181.808457,circle,-0.9727520435967302,-6.351498637602179,42,1.0
1763028181.808506,circle,-9.670299727520435,0.05722070844686648,74,1.0
1763028181.8085482,circle,-7.839237057220708,-9.727520435967302,39,1.0
1763028181.809537,black_rectangle,-4.577656675749319,6.237057220708446,1559.0,1.0
1763028181.809577,black_rectangle,-4.978201634877384,-8.640326975476839,2151.5,1.0
1763028181.8459089,circle,-5.435967302452316,-12.188010899182562,41,1.0
1763028181.845966,circle,-10.128065395095367,3.662125340599455,42,1.0
1763028181.84602,circle,-0.9727520435967302,-6.351498637602179,42,1.0
1763028181.846077,circle,-8.983651226158038,-9.212534059945504,107,1.0
1763028181.847028,black_rectangle,-4.6348773841961854,6.237057220708446,1574.5,1.0
1763028181.8470771,black_rectangle,-4.978201634877384,-8.640326975476839,2155.0,1.0
1763028181.905796,circle,-5.37874659400545,-12.245231607629428,41,1.0
1763028181.9058602,circle,-1.0871934604904632,-6.294277929155313,42,1.0
1763028181.905916,circle,-10.2425068119891,3.7193460490463215,42,1.0
1763028181.9059799,circle,-7.667574931880109,-1.4877384196185286,139,1.0
1763028181.9060311,circle,-8.869209809264305,-8.46866485013624,121,1.0
1763028181.906079,circle,-11.959128065395095,-0.11444141689373297,56,1.0
1763028181.9070468,black_rectangle,-4.6348773841961854,6.237057220708446,1575.5,1.0
1763028181.907132,black_rectangle,-4.978201634877384,-8.640326975476839,2152.5,1.0
1763028181.9740238,circle,-0.9727520435967302,-6.351498637602179,42,1.0
1763028181.974077,circle,-5.37874659400545,-12.245231607629428,41,1.0
1763028181.974123,circle,-10.185286103542234,3.8337874659400546,44,1.0
1763028181.974179,circle,-8.29700272479564,-1.6021798365122615,135,1.0
1763028181.974229,circle,-10.4141689373297,-7.438692098092643,99,1.0
1763028181.975206,black_rectangle,-4.6348773841961854,6.237057220708446,1569.5,1.0
1763028181.9752471,black_rectangle,-4.978201634877384,-8.640326975476839,2142.0,1.0
1763028182.04113,circle,-0.9727520435967302,-6.351498637602179,42,1.0
1763028182.041182,circle,-5.37874659400545,-12.245231607629428,41,1.0
1763028182.041227,circle,-10.185286103542234,3.8337874659400546,44,1.0
1763028182.041286,circle,-8.182561307901906,-6.351498637602179,136,1.0
1763028182.041342,circle,-7.15258855585831,-2.2888283378746594,143,1.0
1763028182.0413902,circle,-9.212534059945504,0.05722070844686648,73,1.0
1763028182.041433,circle,-0.7438692098092643,-9.670299727520435,38,1.0
1763028182.042441,black_rectangle,-4.577656675749319,6.237057220708446,1567.0,1.0
1763028182.042482,black_rectangle,-4.978201634877384,-8.640326975476839,2178.5,1.0
1763028182.108542,circle,-5.435967302452316,-12.188010899182562,41,1.0
1763028182.108597,circle,-1.0871934604904632,-6.294277929155313,43,1.0
1763028182.108643,circle,-10.356948228882834,3.7193460490463215,41,1.0
1763028182.1086981,circle,-9.326975476839237,-3.0326975476839237,112,1.0
1763028182.108746,circle,-10.356948228882834,0.11444141689373297,78,1.0
1763028182.108789,circle,-1.5449591280653951,-9.155313351498638,45,1.0
1763028182.108835,circle,-9.155313351498638,-8.754768392370572,68,1.0
1763028182.109868,black_rectangle,-4.6348773841961854,6.237057220708446,1582.5,1.0
1763028182.109911,black_rectangle,-4.920980926430517,-8.640326975476839,2157.0,1.0
1763028182.175149,circle,-5.435967302452316,-12.188010899182562,41,1.0
1763028182.175197,circle,-1.0871934604904632,-6.294277929155313,42,1.0
1763028182.175241,circle,-10.128065395095367,3.662125340599455,42,1.0
1763028182.175288,circle,-8.869209809264305,-8.754768392370572,64,1.0
1763028182.175331,circle,-8.182561307901906,-0.7438692098092643,42,1.0
1763028182.175373,circle,-1.0871934604904632,-9.555858310626702,38,1.0
1763028182.176399,black_rectangle,-4.577656675749319,6.237057220708446,1574.5,1.0
1763028182.1764438,black_rectangle,-4.978201634877384,-8.640326975476839,2155.5,1.0
1763028182.20986,circle,-0.9727520435967302,-6.294277929155313,42,1.0
1763028182.209912,circle,-5.37874659400545,-12.245231607629428,41,1.0
1763028182.209974,circle,-7.32425068119891,-2.5749318801089918,147,1.0
1763028182.210019,circle,-10.2425068119891,3.7193460490463215,42,1.0
1763028182.2100658,circle,-8.983651226158038,1.1444141689373297,57,1.0
1763028182.21107,black_rectangle,-4.6348773841961854,6.237057220708446,1576.5,1.0
1763028182.211138,black_rectangle,-4.978201634877384,-8.640326975476839,2142.5,1.0
1763028182.2749949,circle,-10.185286103542234,3.662125340599455,43,1.0
1763028182.2750468,circle,-5.435967302452316,-12.188010899182562,41,1.0
1763028182.27509,circle,-0.9727520435967302,-6.237057220708446,41,1.0
1763028182.275136,circle,-9.384196185286104,-1.3160762942779292,62,1.0
1763028182.275177,circle,-5.5504087193460485,-8.983651226158038,24,1.0
1763028182.276176,black_rectangle,-4.6348773841961854,6.237057220708446,1580.5,1.0
1763028182.276219,black_rectangle,-4.978201634877384,-8.640326975476839,2146.5,1.0
1763028182.3435168,circle,-5.435967302452316,-12.188010899182562,41,1.0
1763028182.3435688,circle,-1.0871934604904632,-6.351498637602179,42,1.0
1763028182.3436139,circle,-10.128065395095367,3.8337874659400546,44,1.0
1763028182.3436642,circle,-9.098092643051771,-0.11444141689373297,75,1.0
1763028182.34371,circle,-12.073569482288828,6.923705722070845,53,1.0
1763028182.343758,circle,-23.632152588555858,-6.4659400544959125,67,1.0
1763028182.3447838,black_rectangle,-4.577656675749319,6.237057220708446,1576.5,1.0
1763028182.344827,black_rectangle,-4.978201634877384,-8.640326975476839,2146.0,1.0
1763028182.4084768,circle,-5.435967302452316,-12.188010899182562,41,1.0
1763028182.408533,circle,-10.185286103542234,3.8337874659400546,44,1.0
1763028182.408579,circle,-1.0871934604904632,-6.237057220708446,41,1.0
1763028182.408638,circle,-8.182561307901906,-1.430517711171662,129,1.0
1763028182.4086888,circle,-9.326975476839237,-8.068119891008173,119,1.0
1763028182.409735,black_rectangle,-4.6348773841961854,6.237057220708446,1582.5,1.0
1763028182.409777,black_rectangle,-4.978201634877384,-8.640326975476839,2163.0,1.0
1763028182.477418,circle,-10.185286103542234,3.8337874659400546,44,1.0
1763028182.477474,circle,-1.0871934604904632,-6.294277929155313,42,1.0
1763028182.477521,circle,-4.863760217983651,-10.871934604904633,38,1.0
1763028182.477578,circle,-8.983651226158038,-8.811989100817438,120,1.0
1763028182.477632,circle,-7.15258855585831,-0.40054495912806537,109,1.0
1763028182.478679,black_rectangle,-4.6348773841961854,6.237057220708446,1585.5,1.0
1763028182.478723,black_rectangle,-4.920980926430517,-8.640326975476839,2146.5,1.0
1763028182.544343,circle,-5.37874659400545,-12.188010899182562,41,1.0
1763028182.544398,circle,-0.9727520435967302,-6.294277929155313,42,1.0
1763028182.544445,circle,-10.128065395095367,3.662125340599455,42,1.0
1763028182.544501,circle,-9.326975476839237,-0.05722070844686648,108,1.0
1763028182.5445518,circle,-9.670299727520435,-7.667574931880109,87,1.0
1763028182.545665,black_rectangle,-4.6348773841961854,6.237057220708446,1592.5,1.0
1763028182.5457122,black_rectangle,-4.920980926430517,-8.640326975476839,2150.0,1.0
1763028182.611871,circle,-1.0871934604904632,-6.294277929155313,42,1.0
1763028182.611927,circle,-10.185286103542234,3.8337874659400546,44,1.0
1763028182.611975,circle,-5.37874659400545,-12.130790190735695,40,1.0
1763028182.612056,circle,-7.782016348773841,-2.11716621253406,140,1.0
1763028182.612103,circle,-8.640326975476839,-8.811989100817438,60,1.0
1763028182.613162,black_rectangle,-4.6348773841961854,6.237057220708446,1590.0,1.0
1763028182.613208,black_rectangle,-4.978201634877384,-8.640326975476839,2163.5,1.0
1763028182.676784,circle,-5.435967302452316,-12.188010899182562,41,1.0
1763028182.676838,circle,-1.0871934604904632,-6.294277929155313,42,1.0
1763028182.676882,circle,-10.128065395095367,3.7193460490463215,43,1.0
1763028182.67694,circle,-7.839237057220708,-1.430517711171662,136,1.0
1763028182.676982,circle,-7.953678474114441,-9.44141689373297,43,1.0
1763028182.6780338,black_rectangle,-4.6348773841961854,6.237057220708446,1591.0,1.0
1763028182.678078,black_rectangle,-4.978201634877384,-8.640326975476839,2170.0,1.0
1763028182.741475,circle,-10.185286103542234,3.8337874659400546,44,1.0
1763028182.741525,circle,-0.9727520435967302,-6.351498637602179,42,1.0
1763028182.74157,circle,-5.321525885558583,-11.901907356948229,37,1.0
1763028182.741614,circle,-8.640326975476839,-9.155313351498638,55,1.0
1763028182.741654,circle,-8.182561307901906,-0.5149863760217983,43,1.0
1763028182.742649,black_rectangle,-4.6348773841961854,6.237057220708446,1585.5,1.0
1763028182.742691,black_rectangle,-4.978201634877384,-8.640326975476839,2151.5,1.0
1763028182.808948,circle,-5.435967302452316,-12.188010899182562,41,1.0
1763028182.809,circle,-1.0871934604904632,-6.294277929155313,43,1.0
1763028182.809043,circle,-10.185286103542234,3.7193460490463215,42,1.0
1763028182.809092,circle,-10.5858310626703,-0.28610354223433243,86,1.0
1763028182.8091378,circle,-9.212534059945504,-8.640326975476839,115,1.0
1763028182.8091788,circle,-2.1743869209809263,-9.384196185286104,34,1.0
1763028182.8092191,circle,-5.5504087193460485,-8.983651226158038,24,1.0
1763028182.810218,black_rectangle,-4.6348773841961854,6.237057220708446,1616.5,1.0
1763028182.8102589,black_rectangle,-4.978201634877384,-8.640326975476839,2152.0,1.0
1763028182.8783271,circle,-5.435967302452316,-12.188010899182562,41,1.0
1763028182.878378,circle,-10.128065395095367,3.662125340599455,42,1.0
1763028182.8784268,circle,-0.9727520435967302,-6.408719346049046,41,1.0
1763028182.878529,circle,-8.182561307901906,-0.40054495912806537,121,1.0
1763028182.878579,circle,-8.525885558583106,-8.46866485013624,111,1.0
1763028182.879603,black_rectangle,-4.6348773841961854,6.237057220708446,1610.5,1.0
1763028182.8796449,black_rectangle,-4.978201634877384,-8.640326975476839,2161.5,1.0
1763028182.945157,circle,-0.9727520435967302,-6.351498637602179,42,1.0
1763028182.945206,circle,-5.37874659400545,-12.245231607629428,41,1.0
1763028182.945251,circle,-10.0708446866485,3.662125340599455,41,1.0
1763028182.9453042,circle,-9.212534059945504,0.05722070844686648,73,1.0
1763028182.94535,circle,-8.525885558583106,-9.44141689373297,51,1.0
1763028182.94642,black_rectangle,-4.6348773841961854,6.237057220708446,1598.5,1.0
1763028182.946465,black_rectangle,-4.920980926430517,-8.640326975476839,2136.5,1.0
1763028183.010883,circle,-5.435967302452316,-12.188010899182562,41,1.0
1763028183.010939,circle,-0.9727520435967302,-6.351498637602179,42,1.0
1763028183.0110028,circle,-10.2425068119891,3.662125340599455,42,1.0
1763028183.011062,circle,-7.667574931880109,-3.3760217983651226,141,1.0
1763028183.011107,circle,-8.811989100817438,-9.498637602179837,55,1.0
1763028183.011147,circle,-7.839237057220708,0.05722070844686648,34,1.0
1763028183.0122151,black_rectangle,-4.6348773841961854,6.237057220708446,1602.5,1.0
1763028183.012258,black_rectangle,-4.978201634877384,-8.583106267029972,2183.5,1.0
1763028183.072533,circle,-10.185286103542234,3.662125340599455,43,1.0
1763028183.072594,circle,-5.435967302452316,-12.245231607629428,40,1.0
1763028183.072667,circle,-8.354223433242506,-0.6294277929155313,120,1.0
1763028183.072714,circle,-1.0871934604904632,-6.237057220708446,40,1.0
1763028183.0736792,black_rectangle,-4.6348773841961854,6.237057220708446,1597.5,1.0
1763028183.07373,black_rectangle,-4.978201634877384,-8.583106267029972,2177.0,1.0
1763028183.106878,circle,-5.435967302452316,-12.188010899182562,41,1.0
1763028183.1069381,circle,-10.185286103542234,3.8337874659400546,44,1.0
1763028183.106993,circle,-1.0871934604904632,-6.294277929155313,42,1.0
1763028183.1070569,circle,-7.782016348773841,-6.752043596730245,137,1.0
1763028183.107125,circle,-8.182561307901906,-2.2888283378746594,144,1.0
1763028183.1071758,circle,-7.381471389645776,-10.013623978201634,30,1.0
1763028183.108137,black_rectangle,-4.6348773841961854,6.237057220708446,1611.5,1.0
1763028183.10819,black_rectangle,-4.978201634877384,-8.583106267029972,2173.5,1.0
1763028183.151571,circle,-5.37874659400545,-12.188010899182562,41,1.0
1763028183.151625,circle,-0.9727520435967302,-6.351498637602179,42,1.0
1763028183.1516778,circle,-10.185286103542234,3.7193460490463215,43,1.0
1763028183.151747,circle,-7.15258855585831,-2.2888283378746594,143,1.0
1763028183.151805,circle,-9.155313351498638,0.05722070844686648,77,1.0
1763028183.151857,circle,-7.953678474114441,-9.498637602179837,43,1.0
1763028183.1528478,black_rectangle,-4.6348773841961854,6.237057220708446,1618.5,1.0
1763028183.1528971,black_rectangle,-4.978201634877384,-8.583106267029972,2165.5,1.0
1763028183.215276,circle,-5.37874659400545,-12.245231607629428,41,1.0
1763028183.215339,circle,-1.0871934604904632,-6.351498637602179,42,1.0
1763028183.2153862,circle,-10.2425068119891,3.662125340599455,43,1.0
1763028183.215447,circle,-7.667574931880109,-1.5449591280653951,139,1.0
1763028183.215491,circle,-5.435967302452316,-8.983651226158038,26,1.0
1763028183.216457,black_rectangle,-4.6348773841961854,6.237057220708446,1602.0,1.0
1763028183.216505,black_rectangle,-4.978201634877384,-8.583106267029972,2163.5,1.0
1763028183.275593,circle,-10.185286103542234,3.8337874659400546,44,1.0
1763028183.27564,circle,-1.0871934604904632,-6.294277929155313,42,1.0
1763028183.275682,circle,-5.37874659400545,-12.130790190735695,40,1.0
1763028183.275734,circle,-9.326975476839237,0.05722070844686648,108,1.0
1763028183.275775,circle,-3.9482288828337873,-4.005449591280654,42,1.0
1763028183.275815,circle,-7.953678474114441,-9.555858310626702,42,1.0
1763028183.276809,black_rectangle,-4.6348773841961854,6.237057220708446,1612.0,1.0
1763028183.276852,black_rectangle,-4.978201634877384,-8.640326975476839,2168.0,1.0
1763028183.345611,circle,-1.0871934604904632,-6.351498637602179,42,1.0
1763028183.345666,circle,-10.185286103542234,3.8337874659400546,44,1.0
1763028183.34571,circle,-5.435967302452316,-12.245231607629428,41,1.0
1763028183.345761,circle,-9.098092643051771,0.8583106267029973,91,1.0
1763028183.345804,circle,0.17166212534059944,-9.384196185286104,44,1.0
1763028183.346833,black_rectangle,-4.6348773841961854,6.237057220708446,1604.0,1.0
1763028183.346875,black_rectangle,-4.978201634877384,-8.640326975476839,2155.5,1.0
1763028183.4123268,circle,-5.37874659400545,-12.245231607629428,41,1.0
1763028183.412394,circle,-10.128065395095367,3.662125340599455,42,1.0
1763028183.4124439,circle,-0.9155313351498637,-6.294277929155313,42,1.0
1763028183.412489,circle,-8.010899182561309,-0.28610354223433243,40,1.0
1763028183.412533,circle,0.17166212534059944,-9.498637602179837,41,1.0
1763028183.4136078,black_rectangle,-4.6348773841961854,6.237057220708446,1604.0,1.0
1763028183.413653,black_rectangle,-4.978201634877384,-8.640326975476839,2170.5,1.0
1763028183.472091,circle,-5.435967302452316,-12.188010899182562,41,1.0
1763028183.4721432,circle,-10.2425068119891,3.662125340599455,42,1.0
1763028183.4721909,circle,-1.0871934604904632,-6.294277929155313,42,1.0
1763028183.472249,circle,-6.008174386920981,-5.950953678474114,74,1.0
1763028183.473218,black_rectangle,-4.6348773841961854,6.237057220708446,1604.5,1.0
1763028183.4732711,black_rectangle,-4.978201634877384,-8.640326975476839,2150.5,1.0
1763028183.507704,circle,-0.9727520435967302,-6.294277929155313,42,1.0
1763028183.507756,circle,-10.185286103542234,3.662125340599455,43,1.0
1763028183.507807,circle,-5.37874659400545,-12.245231607629428,41,1.0
1763028183.507863,circle,-10.2425068119891,-8.640326975476839,90,1.0
1763028183.507914,circle,-7.267029972752043,-0.05722070844686648,28,1.0
1763028183.508867,black_rectangle,-4.577656675749319,6.237057220708446,1597.5,1.0
1763028183.508919,black_rectangle,-4.978201634877384,-8.640326975476839,2151.5,1.0
1763028183.5404952,circle,-1.0871934604904632,-6.294277929155313,42,1.0
1763028183.540554,circle,-10.185286103542234,3.8337874659400546,44,1.0
1763028183.540607,circle,-5.435967302452316,-12.302452316076295,40,1.0
1763028183.540664,circle,-8.754768392370572,0.8583106267029973,93,1.0
1763028183.540715,circle,-5.435967302452316,-8.983651226158038,26,1.0
1763028183.541641,black_rectangle,-4.577656675749319,6.237057220708446,1598.5,1.0
1763028183.5416908,black_rectangle,-4.978201634877384,-8.640326975476839,2156.0,1.0
1763028183.573812,circle,-0.9727520435967302,-6.294277929155313,42,1.0
1763028183.573866,circle,-5.435967302452316,-12.188010899182562,41,1.0
1763028183.57392,circle,-10.0708446866485,3.6049046321525884,41,1.0
1763028183.573977,circle,-9.899182561307901,-1.888283378746594,71,1.0
1763028183.5740259,circle,-4.177111716621253,-6.122615803814714,45,1.0
1763028183.5750568,black_rectangle,-4.577656675749319,6.237057220708446,1612.0,1.0
1763028183.575107,black_rectangle,-4.978201634877384,-8.640326975476839,2156.0,1.0
1763028183.6079528,circle,-5.37874659400545,-12.245231607629428,41,1.0
1763028183.608012,circle,-10.2425068119891,3.7193460490463215,42,1.0
1763028183.608056,circle,-0.9727520435967302,-6.237057220708446,40,1.0
1763028183.608116,circle,-9.212534059945504,0.05722070844686648,73,1.0
1763028183.608168,circle,-23.632152588555858,-8.869209809264305,136,1.0
1763028183.6082208,circle,-7.839237057220708,-9.555858310626702,41,1.0
1763028183.608276,circle,-9.098092643051771,-4.005449591280654,53,1.0
1763028183.608324,circle,-6.122615803814714,-6.4659400544959125,60,1.0
1763028183.6092641,black_rectangle,-4.6348773841961854,6.237057220708446,1608.5,1.0
1763028183.609316,black_rectangle,-4.978201634877384,-8.640326975476839,2167.5,1.0
1763028183.6422532,circle,-5.435967302452316,-12.188010899182562,41,1.0
1763028183.642307,circle,-1.0871934604904632,-6.294277929155313,42,1.0
1763028183.6423638,circle,-10.128065395095367,3.7193460490463215,42,1.0
1763028183.6424692,circle,-7.667574931880109,-1.5449591280653951,139,1.0
1763028183.642526,circle,-8.525885558583106,-8.525885558583106,62,1.0
1763028183.642581,circle,-11.501362397820163,0.22888283378746593,70,1.0
1763028183.642632,circle,-0.45776566757493187,-9.555858310626702,42,1.0
1763028183.642682,circle,-5.5504087193460485,-8.983651226158038,24,1.0
1763028183.643682,black_rectangle,-4.6348773841961854,6.237057220708446,1625.5,1.0
1763028183.643733,black_rectangle,-4.978201634877384,-8.640326975476839,2164.5,1.0
1763028183.710065,circle,-5.435967302452316,-12.188010899182562,41,1.0
1763028183.7101178,circle,-10.185286103542234,3.6049046321525884,43,1.0
1763028183.710162,circle,-0.9727520435967302,-6.237057220708446,40,1.0
1763028183.710212,circle,-8.869209809264305,-8.46866485013624,121,1.0
1763028183.710268,circle,-1.773841961852861,-1.659400544959128,120,1.0
1763028183.710311,circle,-2.11716621253406,-8.869209809264305,57,1.0
1763028183.7103539,circle,-9.212534059945504,-1.3160762942779292,63,1.0
1763028183.711332,black_rectangle,-4.577656675749319,6.237057220708446,1605.0,1.0
1763028183.711373,black_rectangle,-4.978201634877384,-8.583106267029972,2169.0,1.0
1763028183.779468,circle,-5.435967302452316,-12.188010899182562,41,1.0
1763028183.779519,circle,-1.0871934604904632,-6.294277929155313,42,1.0
1763028183.7795641,circle,-10.185286103542234,3.7193460490463215,43,1.0
1763028183.779618,circle,-9.212534059945504,-5.435967302452316,112,1.0
1763028183.7796638,circle,-9.326975476839237,-1.4877384196185286,61,1.0
1763028183.779706,circle,-5.5504087193460485,-9.040871934604905,24,1.0
1763028183.780712,black_rectangle,-4.6348773841961854,6.237057220708446,1601.0,1.0
1763028183.780756,black_rectangle,-4.978201634877384,-8.583106267029972,2170.0,1.0
1763028183.845719,circle,-10.185286103542234,3.8337874659400546,44,1.0
1763028183.845771,circle,-1.0871934604904632,-6.294277929155313,42,1.0
1763028183.845814,circle,-5.435967302452316,-12.245231607629428,41,1.0
1763028183.8458612,circle,-8.869209809264305,-8.869209809264305,62,1.0
1763028183.845902,circle,-5.664850136239782,-8.983651226158038,22,1.0
1763028183.845948,circle,-4.23433242506812,-2.346049046321526,60,1.0
1763028183.84703,black_rectangle,-4.6348773841961854,6.237057220708446,1600.5,1.0
1763028183.847074,black_rectangle,-4.978201634877384,-8.640326975476839,2161.5,1.0
1763028183.911097,circle,-5.435967302452316,-12.245231607629428,41,1.0
1763028183.911146,circle,-0.9727520435967302,-6.351498637602179,42,1.0
1763028183.911188,circle,-10.128065395095367,3.662125340599455,42,1.0
1763028183.911238,circle,-8.869209809264305,-8.46866485013624,121,1.0
1763028183.9122949,black_rectangle,-4.6348773841961854,6.237057220708446,1621.0,1.0
1763028183.9123352,black_rectangle,-4.978201634877384,-8.640326975476839,2159.5,1.0
1763028183.9743261,circle,-1.0871934604904632,-6.294277929155313,42,1.0
1763028183.974383,circle,-10.185286103542234,3.8337874659400546,44,1.0
1763028183.974428,circle,-5.37874659400545,-12.130790190735695,40,1.0
1763028183.974493,circle,-7.4959128065395095,-2.002724795640327,148,1.0
1763028183.974551,circle,-9.040871934604905,-8.754768392370572,119,1.0
1763028183.974596,circle,-5.435967302452316,-8.640326975476839,27,1.0
1763028183.975623,black_rectangle,-4.577656675749319,6.237057220708446,1627.0,1.0
1763028183.975668,black_rectangle,-4.978201634877384,-8.640326975476839,2167.0,1.0
1763028184.009005,circle,-0.9727520435967302,-6.351498637602179,42,1.0
1763028184.009057,circle,-5.435967302452316,-12.245231607629428,40,1.0
1763028184.009106,circle,-9.212534059945504,-8.182561307901906,120,1.0
1763028184.009156,circle,-10.2425068119891,3.2615803814713895,49,1.0
1763028184.010171,black_rectangle,-4.6348773841961854,6.237057220708446,1622.0,1.0
1763028184.010216,black_rectangle,-4.978201634877384,-8.640326975476839,2168.5,1.0
1763028184.075546,circle,-1.0871934604904632,-6.294277929155313,42,1.0
1763028184.0756009,circle,-5.37874659400545,-12.245231607629428,41,1.0
1763028184.075644,circle,-10.128065395095367,3.662125340599455,42,1.0
1763028184.0757,circle,-7.4959128065395095,0.05722070844686648,103,1.0
1763028184.0757499,circle,-2.2888283378746594,-8.983651226158038,61,1.0
1763028184.0758002,circle,-9.098092643051771,-8.811989100817438,66,1.0
1763028184.0768158,black_rectangle,-4.577656675749319,6.237057220708446,1616.5,1.0
1763028184.0768619,black_rectangle,-4.978201634877384,-8.640326975476839,2152.5,1.0
1763028184.14205,circle,-5.37874659400545,-12.245231607629428,41,1.0
1763028184.142105,circle,-10.2425068119891,3.662125340599455,42,1.0
1763028184.142147,circle,-0.9727520435967302,-6.351498637602179,42,1.0
1763028184.1422029,circle,-9.098092643051771,-4.005449591280654,54,1.0
1763028184.143208,black_rectangle,-4.577656675749319,6.237057220708446,1634.5,1.0
1763028184.143254,black_rectangle,-4.978201634877384,-8.640326975476839,2160.0,1.0
1763028184.1758149,circle,-5.37874659400545,-12.188010899182562,41,1.0
1763028184.1758668,circle,-1.0871934604904632,-6.294277929155313,42,1.0
1763028184.175909,circle,-10.2425068119891,3.662125340599455,42,1.0
1763028184.1759539,circle,-3.4904632152588553,-9.040871934604905,60,1.0
1763028184.176003,circle,-9.670299727520435,0.11444141689373297,65,1.0
1763028184.177042,black_rectangle,-4.6348773841961854,6.237057220708446,1642.0,1.0
1763028184.177088,black_rectangle,-4.978201634877384,-8.640326975476839,2143.5,1.0
1763028184.2413938,circle,-10.2425068119891,3.662125340599455,42,1.0
1763028184.241448,circle,-0.9727520435967302,-6.351498637602179,42,1.0
1763028184.2414908,circle,-4.863760217983651,-10.871934604904633,39,1.0
1763028184.2415519,circle,-9.326975476839237,0.05722070844686648,72,1.0
1763028184.2426162,black_rectangle,-4.577656675749319,6.237057220708446,1628.0,1.0
1763028184.242663,black_rectangle,-4.978201634877384,-8.640326975476839,2148.5,1.0
1763028184.307997,circle,-5.435967302452316,-12.188010899182562,41,1.0
1763028184.30805,circle,-0.9727520435967302,-6.351498637602179,42,1.0
1763028184.3080928,circle,-10.128065395095367,3.7193460490463215,43,1.0
1763028184.308149,circle,-8.068119891008173,-1.430517711171662,132,1.0
1763028184.309236,black_rectangle,-4.692098092643052,6.237057220708446,1607.5,1.0
1763028184.3092768,black_rectangle,-4.978201634877384,-8.640326975476839,2150.0,1.0
1763028184.3739939,circle,-5.435967302452316,-12.188010899182562,41,1.0
1763028184.3740501,circle,-10.185286103542234,3.8337874659400546,44,1.0
1763028184.374092,circle,-1.0871934604904632,-6.237057220708446,41,1.0
1763028184.374151,circle,-3.1471389645776564,-8.754768392370572,66,1.0
1763028184.374197,circle,-7.953678474114441,-0.28610354223433243,39,1.0
1763028184.3742442,circle,-7.953678474114441,-9.44141689373297,43,1.0
1763028184.3742888,circle,-3.6049046321525884,-3.3760217983651226,39,1.0
1763028184.375303,black_rectangle,-4.6348773841961854,6.237057220708446,1617.0,1.0
1763028184.375351,black_rectangle,-4.978201634877384,-8.640326975476839,2165.0,1.0
1763028184.439678,circle,-1.0871934604904632,-6.294277929155313,42,1.0
1763028184.439734,circle,-5.435967302452316,-11.959128065395095,38,1.0
1763028184.439776,circle,-10.2425068119891,3.7193460490463215,42,1.0
1763028184.43983,circle,-8.869209809264305,-8.697547683923705,127,1.0
1763028184.439876,circle,-8.29700272479564,-0.8010899182561307,43,1.0
1763028184.440881,black_rectangle,-4.577656675749319,6.237057220708446,1620.5,1.0
1763028184.4409258,black_rectangle,-4.978201634877384,-8.640326975476839,2156.5,1.0
1763028184.474625,circle,-10.185286103542234,3.8337874659400546,44,1.0
1763028184.474677,circle,-1.0871934604904632,-6.294277929155313,42,1.0
1763028184.474717,circle,-5.435967302452316,-12.245231607629428,41,1.0
1763028184.474772,circle,-8.983651226158038,-8.411444141689373,120,1.0
1763028184.474829,circle,-7.15258855585831,-0.45776566757493187,110,1.0
1763028184.475877,black_rectangle,-4.577656675749319,6.237057220708446,1612.5,1.0
1763028184.475924,black_rectangle,-4.978201634877384,-8.640326975476839,2158.0,1.0
1763028184.5087209,circle,-5.435967302452316,-12.188010899182562,41,1.0
1763028184.5088158,circle,-1.0871934604904632,-6.294277929155313,42,1.0
1763028184.508865,circle,-10.2425068119891,3.7193460490463215,42,1.0
1763028184.5089111,circle,-7.839237057220708,-9.498637602179837,42,1.0
1763028184.508959,circle,-8.182561307901906,-0.28610354223433243,44,1.0
1763028184.509962,black_rectangle,-4.6348773841961854,6.237057220708446,1603.5,1.0
1763028184.510009,black_rectangle,-4.978201634877384,-8.640326975476839,2155.0,1.0
1763028184.5779352,circle,-5.37874659400545,-12.188010899182562,41,1.0
1763028184.577989,circle,-10.2425068119891,3.662125340599455,43,1.0
1763028184.578031,circle,-0.9727520435967302,-6.408719346049046,41,1.0
1763028184.5780969,circle,-9.040871934604905,-8.411444141689373,124,1.0
1763028184.578149,circle,-2.4604904632152587,-9.498637602179837,79,1.0
1763028184.578194,circle,-3.7193460490463215,-2.861035422343324,43,1.0
1763028184.579235,black_rectangle,-4.6348773841961854,6.237057220708446,1652.0,1.0
1763028184.5792818,black_rectangle,-4.978201634877384,-8.640326975476839,2152.5,1.0
1763028184.641757,circle,-0.9727520435967302,-6.351498637602179,42,1.0
1763028184.641807,circle,-10.2425068119891,3.662125340599455,42,1.0
1763028184.64185,circle,-4.863760217983651,-10.871934604904633,38,1.0
1763028184.641906,circle,-7.667574931880109,-3.662125340599455,143,1.0
1763028184.6419468,circle,-8.29700272479564,-9.44141689373297,47,1.0
1763028184.643003,black_rectangle,-4.6348773841961854,6.237057220708446,1604.0,1.0
1763028184.6430452,black_rectangle,-4.978201634877384,-8.640326975476839,2161.0,1.0
1763028184.7074702,circle,-5.435967302452316,-12.245231607629428,41,1.0
1763028184.707526,circle,-10.2425068119891,3.7193460490463215,42,1.0
1763028184.707569,circle,-1.0871934604904632,-6.237057220708446,40,1.0
1763028184.707621,circle,-8.869209809264305,-8.525885558583106,66,1.0
1763028184.707674,circle,-8.640326975476839,-0.6294277929155313,85,1.0
1763028184.708749,black_rectangle,-4.6348773841961854,6.237057220708446,1606.0,1.0
1763028184.7087948,black_rectangle,-4.978201634877384,-8.640326975476839,2171.0,1.0
1763028184.741546,circle,-0.9727520435967302,-6.351498637602179,42,1.0
1763028184.741598,circle,-10.128065395095367,3.662125340599455,42,1.0
1763028184.741641,circle,-5.5504087193460485,-11.959128065395095,38,1.0
1763028184.7416902,circle,-3.4904632152588553,-9.040871934604905,60,1.0
1763028184.7417321,circle,-2.9182561307901906,-2.689373297002725,57,1.0
1763028184.7417731,circle,-8.525885558583106,-0.17166212534059944,50,1.0
1763028184.74277,black_rectangle,-4.6348773841961854,6.237057220708446,1636.0,1.0
1763028184.742816,black_rectangle,-4.978201634877384,-8.640326975476839,2144.5,1.0
1763028184.781916,circle,-5.37874659400545,-12.188010899182562,41,1.0
1763028184.7819679,circle,-10.2425068119891,3.662125340599455,42,1.0
1763028184.7820108,circle,-1.0871934604904632,-6.351498637602179,42,1.0
1763028184.782073,circle,-8.983651226158038,0.8010899182561307,92,1.0
1763028184.7821178,circle,-5.5504087193460485,-9.040871934604905,24,1.0
1763028184.783146,black_rectangle,-4.6348773841961854,6.237057220708446,1608.0,1.0
1763028184.783191,black_rectangle,-4.978201634877384,-8.640326975476839,2139.0,1.0
1763028184.84001,circle,-0.9727520435967302,-6.351498637602179,42,1.0
1763028184.840068,circle,-10.185286103542234,3.8337874659400546,44,1.0
1763028184.840113,circle,-5.37874659400545,-12.130790190735695,40,1.0
1763028184.840176,circle,-7.610354223433243,-1.5449591280653951,140,1.0
1763028184.84022,circle,-4.577656675749319,-8.754768392370572,33,1.0
1763028184.8402681,circle,-7.953678474114441,-9.555858310626702,42,1.0
1763028184.841254,black_rectangle,-4.6348773841961854,6.237057220708446,1611.5,1.0
1763028184.8412979,black_rectangle,-4.978201634877384,-8.640326975476839,2160.5,1.0
1763028184.907273,circle,-5.37874659400545,-12.188010899182562,41,1.0
1763028184.907329,circle,-10.0708446866485,3.662125340599455,41,1.0
1763028184.907371,circle,-0.9727520435967302,-6.122615803814714,41,1.0
1763028184.9074209,circle,-4.177111716621253,-3.6049046321525884,40,1.0
1763028184.9074671,circle,-5.264305177111717,-8.29700272479564,27,1.0
1763028184.908489,black_rectangle,-4.6348773841961854,6.237057220708446,1607.5,1.0
1763028184.908535,black_rectangle,-4.978201634877384,-8.640326975476839,2177.5,1.0
1763028184.941382,circle,-5.435967302452316,-12.188010899182562,41,1.0
1763028184.9414358,circle,-1.0871934604904632,-6.294277929155313,42,1.0
1763028184.941479,circle,-10.185286103542234,3.7193460490463215,43,1.0
1763028184.9415329,circle,-8.640326975476839,-0.6294277929155313,121,1.0
1763028184.941586,circle,-11.04359673024523,-5.435967302452316,85,1.0
1763028184.941636,circle,-1.773841961852861,-2.517711171662125,78,1.0
1763028184.9416802,circle,-5.435967302452316,-8.983651226158038,25,1.0
1763028184.942708,black_rectangle,-4.6348773841961854,6.237057220708446,1637.0,1.0
1763028184.942755,black_rectangle,-4.978201634877384,-8.640326975476839,2168.0,1.0
1763028184.974346,circle,-0.9727520435967302,-6.351498637602179,42,1.0
1763028184.974401,circle,-5.37874659400545,-12.073569482288828,39,1.0
1763028184.974445,circle,-10.013623978201634,3.662125340599455,40,1.0
1763028184.9745011,circle,-8.869209809264305,-7.839237057220708,120,1.0
1763028184.974547,circle,-0.05722070844686648,-9.498637602179837,41,1.0
1763028184.9755478,black_rectangle,-4.6348773841961854,6.237057220708446,1633.5,1.0
1763028184.9755929,black_rectangle,-4.978201634877384,-8.640326975476839,2155.0,1.0
1763028185.009043,circle,-5.435967302452316,-12.188010899182562,41,1.0
1763028185.009096,circle,-10.2425068119891,3.7193460490463215,42,1.0
1763028185.0091379,circle,-0.9155313351498637,-6.294277929155313,42,1.0
1763028185.0091991,circle,-4.23433242506812,-1.3160762942779292,120,1.0
1763028185.0092502,circle,-9.670299727520435,-1.430517711171662,69,1.0
1763028185.009295,circle,-8.182561307901906,-9.670299727520435,45,1.0
1763028185.0102909,black_rectangle,-4.6348773841961854,6.294277929155313,1647.5,1.0
1763028185.010335,black_rectangle,-4.978201634877384,-8.640326975476839,2155.5,1.0
1763028185.074711,circle,-0.9727520435967302,-6.351498637602179,42,1.0
1763028185.074759,circle,-5.435967302452316,-12.245231607629428,41,1.0
1763028185.074801,circle,-10.185286103542234,3.8337874659400546,44,1.0
1763028185.0748549,circle,-8.29700272479564,-9.498637602179837,47,1.0
1763028185.074904,circle,-8.811989100817438,0.05722070844686648,55,1.0
1763028185.07593,black_rectangle,-4.6348773841961854,6.237057220708446,1640.0,1.0
1763028185.075976,black_rectangle,-4.978201634877384,-8.640326975476839,2147.5,1.0
1763028185.109262,circle,-0.9727520435967302,-6.351498637602179,42,1.0
1763028185.109312,circle,-10.185286103542234,3.8337874659400546,44,1.0
1763028185.1093519,circle,-5.435967302452316,-12.416893732970028,39,1.0
1763028185.109408,circle,-10.013623978201634,-8.010899182561309,87,1.0
1763028185.1094558,circle,-8.640326975476839,0.11444141689373297,51,1.0
1763028185.1104572,black_rectangle,-4.6348773841961854,6.237057220708446,1637.0,1.0
1763028185.110502,black_rectangle,-4.978201634877384,-8.640326975476839,2145.0,1.0
1763028185.175512,circle,-5.435967302452316,-12.188010899182562,41,1.0
1763028185.1755672,circle,-1.0871934604904632,-6.294277929155313,42,1.0
1763028185.175609,circle,-10.128065395095367,3.662125340599455,42,1.0
1763028185.175673,circle,-7.4959128065395095,-2.2888283378746594,143,1.0
1763028185.175721,circle,-9.899182561307901,-8.640326975476839,60,1.0
1763028185.1767738,black_rectangle,-4.577656675749319,6.237057220708446,1672.5,1.0
1763028185.17682,black_rectangle,-4.978201634877384,-8.640326975476839,2155.5,1.0
1763028185.247068,circle,-5.37874659400545,-12.188010899182562,41,1.0
1763028185.247128,circle,-1.0871934604904632,-6.294277929155313,43,1.0
1763028185.247172,circle,-10.128065395095367,3.662125340599455,42,1.0
1763028185.2472372,circle,-8.29700272479564,-1.6021798365122615,135,1.0
1763028185.247284,circle,-7.953678474114441,-9.498637602179837,42,1.0
1763028185.2473311,circle,0.11444141689373297,-9.555858310626702,40,1.0
1763028185.2483578,black_rectangle,-4.6348773841961854,6.237057220708446,1678.0,1.0
1763028185.248441,black_rectangle,-4.978201634877384,-8.640326975476839,2141.5,1.0
1763028185.3122282,circle,-5.37874659400545,-12.245231607629428,41,1.0
1763028185.312284,circle,-10.128065395095367,3.662125340599455,42,1.0
1763028185.312327,circle,-0.9727520435967302,-6.237057220708446,41,1.0
1763028185.312382,circle,-9.326975476839237,-8.46866485013624,119,1.0
1763028185.312429,circle,-3.8910081743869207,-8.869209809264305,53,1.0
1763028185.312478,circle,-8.525885558583106,-0.11444141689373297,50,1.0
1763028185.3135092,black_rectangle,-4.6348773841961854,6.294277929155313,1674.5,1.0
1763028185.3135529,black_rectangle,-4.978201634877384,-8.640326975476839,2145.0,1.0
1763028185.373746,circle,-10.185286103542234,3.662125340599455,42,1.0
1763028185.373798,circle,-5.435967302452316,-12.188010899182562,41,1.0
1763028185.3738399,circle,-0.9727520435967302,-6.351498637602179,42,1.0
1763028185.3738902,circle,-8.182561307901906,-0.45776566757493187,43,1.0
1763028185.3739362,circle,-1.2588555858310626,-9.555858310626702,37,1.0
1763028185.374945,black_rectangle,-4.6348773841961854,6.294277929155313,1665.5,1.0
1763028185.374989,black_rectangle,-4.978201634877384,-8.640326975476839,2153.5,1.0
1763028185.4080691,circle,-5.435967302452316,-12.188010899182562,41,1.0
1763028185.408127,circle,-1.0871934604904632,-6.351498637602179,42,1.0
1763028185.408171,circle,-10.2425068119891,3.7193460490463215,42,1.0
1763028185.408225,circle,-9.212534059945504,0.7438692098092643,59,1.0
1763028185.4082718,circle,-1.0871934604904632,-9.555858310626702,38,1.0
1763028185.4083169,circle,-5.435967302452316,-8.697547683923705,27,1.0
1763028185.4093308,black_rectangle,-4.6348773841961854,6.237057220708446,1664.0,1.0
1763028185.409378,black_rectangle,-4.920980926430517,-8.640326975476839,2138.0,1.0
1763028185.474464,circle,-10.185286103542234,3.662125340599455,43,1.0
1763028185.474518,circle,-5.435967302452316,-12.188010899182562,41,1.0
1763028185.474561,circle,-0.9727520435967302,-6.351498637602179,42,1.0
1763028185.474624,circle,-8.525885558583106,-1.3160762942779292,128,1.0
1763028185.474679,circle,-9.326975476839237,-8.983651226158038,120,1.0
1763028185.475703,black_rectangle,-4.6348773841961854,6.237057220708446,1660.0,1.0
1763028185.47575,black_rectangle,-4.978201634877384,-8.640326975476839,2157.0,1.0
1763028185.50826,circle,-5.435967302452316,-12.188010899182562,41,1.0
1763028185.5083158,circle,-10.185286103542234,3.8337874659400546,44,1.0
1763028185.50836,circle,-0.9727520435967302,-6.351498637602179,42,1.0
1763028185.5084229,circle,-8.068119891008173,-0.8583106267029973,126,1.0
1763028185.5084789,circle,-9.44141689373297,-8.869209809264305,117,1.0
1763028185.508533,circle,-9.44141689373297,-4.863760217983651,107,1.0
1763028185.508576,circle,-5.664850136239782,-8.983651226158038,23,1.0
1763028185.509599,black_rectangle,-4.6348773841961854,6.237057220708446,1654.0,1.0
1763028185.509645,black_rectangle,-4.978201634877384,-8.640326975476839,2147.0,1.0
1763028185.5734131,circle,-5.435967302452316,-12.188010899182562,41,1.0
1763028185.573469,circle,-0.9727520435967302,-6.294277929155313,43,1.0
1763028185.5735118,circle,-10.2425068119891,3.6049046321525884,44,1.0
1763028185.574517,black_rectangle,-4.6348773841961854,6.294277929155313,1631.0,1.0
1763028185.574561,black_rectangle,-4.978201634877384,-8.640326975476839,2158.0,1.0
1763028185.638962,circle,-5.37874659400545,-12.188010899182562,41,1.0
1763028185.639019,circle,-1.0871934604904632,-6.294277929155313,42,1.0
1763028185.639062,circle,-10.356948228882834,3.7193460490463215,41,1.0
1763028185.639125,circle,-7.610354223433243,-1.6021798365122615,140,1.0
1763028185.640173,black_rectangle,-4.6348773841961854,6.294277929155313,1633.0,1.0
1763028185.640219,black_rectangle,-4.978201634877384,-8.640326975476839,2152.5,1.0
1763028185.674331,circle,-5.37874659400545,-12.245231607629428,41,1.0
1763028185.674388,circle,-10.185286103542234,3.7193460490463215,43,1.0
1763028185.67443,circle,-1.0871934604904632,-6.237057220708446,40,1.0
1763028185.674473,circle,-3.8337874659400546,-8.754768392370572,54,1.0
1763028185.675493,black_rectangle,-4.6348773841961854,6.294277929155313,1637.0,1.0
1763028185.675539,black_rectangle,-4.978201634877384,-8.640326975476839,2173.5,1.0
1763028185.7091682,circle,-5.435967302452316,-12.188010899182562,41,1.0
1763028185.7092218,circle,-1.0871934604904632,-6.351498637602179,42,1.0
1763028185.709265,circle,-10.185286103542234,3.7193460490463215,43,1.0
1763028185.7093241,circle,-9.326975476839237,-1.4877384196185286,61,1.0
1763028185.7093709,circle,-7.953678474114441,-8.697547683923705,53,1.0
1763028185.709419,circle,-12.416893732970028,0.17166212534059944,54,1.0
1763028185.7104461,black_rectangle,-4.577656675749319,6.237057220708446,1618.5,1.0
1763028185.710492,black_rectangle,-4.978201634877384,-8.583106267029972,2158.0,1.0
1763028185.772264,circle,-5.435967302452316,-12.188010899182562,41,1.0
1763028185.772318,circle,-10.2425068119891,3.662125340599455,42,1.0
1763028185.7723598,circle,-0.9727520435967302,-6.351498637602179,42,1.0
1763028185.7724118,circle,-8.869209809264305,0.11444141689373297,104,1.0
1763028185.772457,circle,-5.664850136239782,-8.983651226158038,23,1.0
1763028185.773494,black_rectangle,-4.6348773841961854,6.294277929155313,1635.5,1.0
1763028185.773539,black_rectangle,-4.978201634877384,-8.640326975476839,2156.5,1.0
1763028185.808726,circle,-5.435967302452316,-12.245231607629428,41,1.0
1763028185.8087769,circle,-1.0871934604904632,-6.351498637602179,43,1.0
1763028185.808819,circle,-10.128065395095367,3.662125340599455,42,1.0
1763028185.808863,circle,-9.326975476839237,0.7438692098092643,61,1.0
1763028185.809969,black_rectangle,-4.577656675749319,6.237057220708446,1627.0,1.0
1763028185.810014,black_rectangle,-4.978201634877384,-8.640326975476839,2161.5,1.0
1763028185.877346,circle,-10.185286103542234,3.8337874659400546,44,1.0
1763028185.877405,circle,-0.9727520435967302,-6.351498637602179,42,1.0
1763028185.8774478,circle,-5.37874659400545,-12.245231607629428,41,1.0
1763028185.877491,circle,-7.782016348773841,-9.384196185286104,43,1.0
1763028185.877533,circle,-0.7438692098092643,-9.670299727520435,38,1.0
1763028185.8775759,circle,-8.869209809264305,0.05722070844686648,56,1.0
1763028185.878645,black_rectangle,-4.577656675749319,6.294277929155313,1669.5,1.0
1763028185.878686,black_rectangle,-4.978201634877384,-8.583106267029972,2135.5,1.0
1763028185.945479,circle,-1.0871934604904632,-6.351498637602179,42,1.0
1763028185.9455318,circle,-4.863760217983651,-10.871934604904633,39,1.0
1763028185.945581,circle,-10.185286103542234,3.8337874659400546,44,1.0
1763028185.945626,circle,-8.068119891008173,-9.155313351498638,49,1.0
1763028185.94567,circle,-1.773841961852861,-9.212534059945504,42,1.0
1763028185.9457128,circle,-8.068119891008173,-0.5149863760217983,40,1.0
1763028185.946785,black_rectangle,-4.577656675749319,6.237057220708446,1646.5,1.0
1763028185.946832,black_rectangle,-4.978201634877384,-8.640326975476839,2155.0,1.0
1763028186.010339,circle,-10.128065395095367,3.662125340599455,42,1.0
1763028186.010389,circle,-5.435967302452316,-12.245231607629428,41,1.0
1763028186.010432,circle,-1.0871934604904632,-6.237057220708446,40,1.0
1763028186.010484,circle,-6.0653950953678475,-4.06267029972752,102,1.0
1763028186.0105321,circle,-9.498637602179837,-7.610354223433243,85,1.0
1763028186.0105789,circle,-8.182561307901906,1.430517711171662,89,1.0
1763028186.0115578,black_rectangle,-4.6348773841961854,6.237057220708446,1661.5,1.0
1763028186.011601,black_rectangle,-4.978201634877384,-8.640326975476839,2140.5,1.0
1763028186.076077,circle,-10.2425068119891,3.662125340599455,42,1.0
1763028186.076141,circle,-4.863760217983651,-10.871934604904633,39,1.0
1763028186.0761962,circle,-1.0871934604904632,-6.294277929155313,42,1.0
1763028186.076258,circle,-7.724795640326975,-1.4877384196185286,137,1.0
1763028186.076305,circle,-8.29700272479564,-9.44141689373297,47,1.0
1763028186.077268,black_rectangle,-4.577656675749319,6.237057220708446,1655.5,1.0
1763028186.0773172,black_rectangle,-4.978201634877384,-8.640326975476839,2150.0,1.0
1763028186.143001,circle,-0.9727520435967302,-6.351498637602179,42,1.0
1763028186.14305,circle,-5.37874659400545,-12.245231607629428,41,1.0
1763028186.143094,circle,-10.2425068119891,3.6049046321525884,44,1.0
1763028186.143136,circle,-7.839237057220708,-9.841961852861035,37,1.0
1763028186.1441221,black_rectangle,-4.6348773841961854,6.237057220708446,1666.5,1.0
1763028186.144165,black_rectangle,-4.978201634877384,-8.640326975476839,2159.0,1.0
1763028186.211607,circle,-0.9727520435967302,-6.294277929155313,42,1.0
1763028186.211659,circle,-4.7493188010899186,-10.814713896457766,38,1.0
1763028186.211705,circle,-10.128065395095367,3.7193460490463215,43,1.0
1763028186.211752,circle,-8.983651226158038,-1.659400544959128,54,1.0
1763028186.2127879,black_rectangle,-4.577656675749319,6.237057220708446,1652.5,1.0
1763028186.212831,black_rectangle,-4.978201634877384,-8.640326975476839,2163.0,1.0
1763028186.2746701,circle,-1.0871934604904632,-6.294277929155313,43,1.0
1763028186.2747252,circle,-5.321525885558583,-12.245231607629428,42,1.0
1763028186.2747688,circle,-10.0708446866485,3.662125340599455,41,1.0
1763028186.274826,circle,-8.29700272479564,-6.351498637602179,136,1.0
1763028186.27488,circle,-8.525885558583106,-0.9727520435967302,123,1.0
1763028186.2749188,circle,-5.5504087193460485,-8.983651226158038,24,1.0
1763028186.2760801,black_rectangle,-4.577656675749319,6.237057220708446,1657.0,1.0
1763028186.276125,black_rectangle,-4.978201634877384,-8.640326975476839,2150.5,1.0
1763028186.34237,circle,-5.435967302452316,-12.245231607629428,41,1.0
1763028186.342429,circle,-10.2425068119891,3.7193460490463215,42,1.0
1763028186.3424819,circle,-1.0871934604904632,-6.294277929155313,42,1.0
1763028186.342535,circle,-9.212534059945504,-8.525885558583106,116,1.0
1763028186.342593,circle,-6.0653950953678475,-4.06267029972752,101,1.0
1763028186.343562,black_rectangle,-4.577656675749319,6.237057220708446,1659.5,1.0
1763028186.343609,black_rectangle,-4.978201634877384,-8.640326975476839,2158.5,1.0
1763028186.407122,circle,-5.435967302452316,-12.188010899182562,41,1.0
1763028186.40719,circle,-0.9727520435967302,-6.351498637602179,42,1.0
1763028186.4072452,circle,-10.128065395095367,3.7193460490463215,43,1.0
1763028186.4073029,circle,-5.435967302452316,-6.580381471389646,63,1.0
1763028186.407352,circle,-8.354223433242506,-9.44141689373297,49,1.0
1763028186.407399,circle,-0.05722070844686648,-9.44141689373297,41,1.0
1763028186.408352,black_rectangle,-4.6348773841961854,6.294277929155313,1656.5,1.0
1763028186.408402,black_rectangle,-4.978201634877384,-8.640326975476839,2152.5,1.0
1763028186.441311,circle,-5.435967302452316,-12.188010899182562,41,1.0
1763028186.44137,circle,-1.0871934604904632,-6.294277929155313,43,1.0
1763028186.4414248,circle,-10.185286103542234,3.7193460490463215,42,1.0
1763028186.441476,circle,-8.46866485013624,-9.384196185286104,51,1.0
1763028186.441526,circle,-12.130790190735695,-0.05722070844686648,60,1.0
1763028186.4415731,circle,-8.182561307901906,-0.05722070844686648,44,1.0
1763028186.442504,black_rectangle,-4.577656675749319,6.294277929155313,1666.5,1.0
1763028186.442554,black_rectangle,-4.978201634877384,-8.640326975476839,2155.0,1.0
1763028186.510027,circle,-0.9727520435967302,-6.294277929155313,42,1.0
1763028186.5100749,circle,-5.435967302452316,-12.188010899182562,41,1.0
1763028186.51012,circle,-10.2425068119891,4.005449591280654,47,1.0
1763028186.5111449,black_rectangle,-4.6348773841961854,6.237057220708446,1660.0,1.0
1763028186.511189,black_rectangle,-4.978201634877384,-8.640326975476839,2140.5,1.0
1763028186.577145,circle,-5.435967302452316,-12.188010899182562,41,1.0
1763028186.5771992,circle,-1.0871934604904632,-6.294277929155313,43,1.0
1763028186.5772438,circle,-10.185286103542234,3.7193460490463215,43,1.0
1763028186.5772958,circle,-8.869209809264305,0.8010899182561307,93,1.0
1763028186.578309,black_rectangle,-4.6348773841961854,6.237057220708446,1656.5,1.0
1763028186.5783548,black_rectangle,-4.978201634877384,-8.640326975476839,2163.0,1.0
1763028186.642988,circle,-5.37874659400545,-12.188010899182562,41,1.0
1763028186.6430411,circle,-0.9727520435967302,-6.351498637602179,42,1.0
1763028186.6430862,circle,-10.128065395095367,3.662125340599455,42,1.0
1763028186.643138,circle,-7.724795640326975,-8.010899182561309,107,1.0
1763028186.643182,circle,-8.525885558583106,0.05722070844686648,50,1.0
1763028186.644162,black_rectangle,-4.577656675749319,6.237057220708446,1657.5,1.0
1763028186.644203,black_rectangle,-4.978201634877384,-8.640326975476839,2157.0,1.0
1763028186.712631,circle,-5.435967302452316,-12.188010899182562,41,1.0
1763028186.712686,circle,-10.185286103542234,3.8337874659400546,44,1.0
1763028186.712734,circle,-1.0871934604904632,-6.351498637602179,43,1.0
1763028186.712779,circle,-8.29700272479564,-1.430517711171662,43,1.0
1763028186.713822,black_rectangle,-4.577656675749319,6.237057220708446,1657.5,1.0
1763028186.713869,black_rectangle,-4.920980926430517,-8.640326975476839,2143.5,1.0
1763028186.778902,circle,-0.9727520435967302,-6.351498637602179,42,1.0
1763028186.778962,circle,-10.2425068119891,3.662125340599455,42,1.0
1763028186.779008,circle,-5.321525885558583,-12.245231607629428,42,1.0
1763028186.780071,black_rectangle,-4.577656675749319,6.237057220708446,1666.0,1.0
1763028186.780118,black_rectangle,-4.978201634877384,-8.640326975476839,2149.5,1.0
1763028186.8195908,circle,-0.9727520435967302,-6.351498637602179,42,1.0
1763028186.819641,circle,-5.321525885558583,-12.245231607629428,42,1.0
1763028186.819684,circle,-10.2425068119891,3.7193460490463215,42,1.0
1763028186.819732,circle,-10.0708446866485,-2.231607629427793,72,1.0
1763028186.8207371,black_rectangle,-4.6348773841961854,6.237057220708446,1670.5,1.0
1763028186.82078,black_rectangle,-4.978201634877384,-8.640326975476839,2147.5,1.0
1763028186.8897312,circle,-1.0871934604904632,-6.351498637602179,42,1.0
1763028186.889784,circle,-5.321525885558583,-12.245231607629428,43,1.0
1763028186.889832,circle,-10.128065395095367,3.662125340599455,42,1.0
1763028186.889877,circle,-1.659400544959128,-9.212534059945504,42,1.0
1763028186.890909,black_rectangle,-4.577656675749319,6.237057220708446,1663.5,1.0
1763028186.8909519,black_rectangle,-4.978201634877384,-8.640326975476839,2163.0,1.0
1763028186.943903,circle,-10.2425068119891,3.662125340599455,42,1.0
1763028186.943955,circle,-5.321525885558583,-12.245231607629428,43,1.0
1763028186.944017,circle,-7.438692098092643,-2.002724795640327,148,1.0
1763028186.944061,circle,-1.0871934604904632,-6.237057220708446,40,1.0
1763028186.9441102,circle,-9.098092643051771,-8.411444141689373,123,1.0
1763028186.944151,circle,-5.435967302452316,-8.983651226158038,25,1.0
1763028186.9451609,black_rectangle,-4.6348773841961854,6.237057220708446,1682.0,1.0
1763028186.9452019,black_rectangle,-4.978201634877384,-8.640326975476839,2154.0,1.0
1763028187.012806,circle,-0.9727520435967302,-6.294277929155313,42,1.0
1763028187.012862,circle,-5.435967302452316,-12.188010899182562,41,1.0
1763028187.012908,circle,-10.185286103542234,3.662125340599455,42,1.0
1763028187.0129678,circle,-7.953678474114441,-6.4659400544959125,140,1.0
1763028187.013014,circle,-8.411444141689373,-9.44141689373297,49,1.0
1763028187.013061,circle,-9.326975476839237,-1.4877384196185286,61,1.0
1763028187.0141351,black_rectangle,-4.577656675749319,6.237057220708446,1658.5,1.0
1763028187.0141811,black_rectangle,-4.978201634877384,-8.640326975476839,2161.0,1.0
1763028187.080171,circle,-0.9727520435967302,-6.237057220708446,41,1.0
1763028187.080221,circle,-4.863760217983651,-10.9291553133515,40,1.0
1763028187.080283,circle,-7.32425068119891,-1.0871934604904632,139,1.0
1763028187.08033,circle,-10.185286103542234,3.8910081743869207,45,1.0
1763028187.0803788,circle,-8.640326975476839,-8.411444141689373,65,1.0
1763028187.0804238,circle,-5.20708446866485,-8.068119891008173,38,1.0
1763028187.0815082,black_rectangle,-4.577656675749319,6.237057220708446,1672.0,1.0
1763028187.081558,black_rectangle,-4.978201634877384,-8.640326975476839,2171.0,1.0
1763028187.145983,circle,-5.435967302452316,-12.188010899182562,41,1.0
1763028187.1460721,circle,-0.9727520435967302,-6.351498637602179,42,1.0
1763028187.1461198,circle,-10.185286103542234,3.8337874659400546,44,1.0
1763028187.1461818,circle,-7.667574931880109,-2.1743869209809263,140,1.0
1763028187.146235,circle,-8.983651226158038,0.9155313351498637,91,1.0
1763028187.14628,circle,-8.068119891008173,-9.555858310626702,44,1.0
1763028187.147359,black_rectangle,-4.6348773841961854,6.294277929155313,1680.5,1.0
1763028187.147407,black_rectangle,-4.978201634877384,-8.640326975476839,2164.5,1.0
1763028187.212182,circle,-10.185286103542234,3.8337874659400546,44,1.0
1763028187.212236,circle,-5.435967302452316,-12.302452316076295,40,1.0
1763028187.212283,circle,-1.0871934604904632,-6.237057220708446,40,1.0
1763028187.212342,circle,-9.555858310626702,-4.7493188010899186,111,1.0
1763028187.212394,circle,-10.356948228882834,0.05722070844686648,77,1.0
1763028187.2124429,circle,-8.869209809264305,-8.525885558583106,67,1.0
1763028187.212488,circle,-4.577656675749319,-9.498637602179837,42,1.0
1763028187.213563,black_rectangle,-4.6348773841961854,6.294277929155313,1683.0,1.0
1763028187.2136059,black_rectangle,-4.978201634877384,-8.640326975476839,2159.0,1.0
1763028187.279715,circle,-5.435967302452316,-12.188010899182562,41,1.0
1763028187.2797692,circle,-1.0871934604904632,-6.351498637602179,42,1.0
1763028187.279816,circle,-10.185286103542234,3.7193460490463215,43,1.0
1763028187.27987,circle,-10.700272479564033,-0.45776566757493187,86,1.0
1763028187.2799182,circle,-8.46866485013624,-8.869209809264305,57,1.0
1763028187.280991,black_rectangle,-4.6348773841961854,6.237057220708446,1673.0,1.0
1763028187.2810361,black_rectangle,-4.978201634877384,-8.640326975476839,2178.5,1.0
